year,quarter,eps_diluted
2021,Q1,6.5290828786946395
2021,Q2,7.198823544914179
2021,Q3,8.131734746482097
2021,Q4,8.761296894652158
2022,Q1,9.611590754543194
2022,Q2,9.868848882365569
2022,Q3,10.012076614229663
2022,Q4,10.221312247466738
2023,Q1,10.009020332888923
2023,Q2,10.671183898557313
2023,Q3,11.480876676135466
2023,Q4,11.831173107349159
2024,Q1,12.581828690997606
2024,Q2,13.087161979008755
2024,Q3,13.223425198750235
2024,Q4,13.887675709503577
2025,Q1,14.255976298089916
2025,Q2,14.824257642353373
2025,Q3,15.635916594122826
2025,Q4,16.520513243429345
